{
  "t_max_ms": 12.75,
  "top_k": 12,
  "n_frontier": 130,
  "candidates": [
    {
      "arch": {
        "ks": [
          3,
          5,
          5,
          7,
          3,
          5,
          3,
          7,
          5,
          3,
          7,
          5,
          5,
          3,
          3,
          3,
          7,
          7,
          7,
          7
        ],
        "e": [
          6,
          3,
          4,
          3,
          6,
          6,
          3,
          3,
          3,
          3,
          3,
          4,
          6,
          4,
          3,
          3,
          3,
          3,
          4,
          6
        ],
        "d": [
          2,
          2,
          4,
          4,
          3
        ]
      },
      "acc": 0.6499667575961847,
      "latency_ms": 11.74443928824396,
      "acc_eff": 0.6499667575961847,
      "method": "bo",
      "seed": 0
    },
    {
      "arch": {
        "ks": [
          3,
          3,
          7,
          5,
          7,
          5,
          7,
          7,
          7,
          7,
          7,
          3,
          5,
          5,
          3,
          5,
          7,
          3,
          5,
          7
        ],
        "e": [
          4,
          6,
          4,
          4,
          6,
          3,
          4,
          6,
          6,
          6,
          4,
          4,
          4,
          6,
          3,
          3,
          3,
          3,
          4,
          3
        ],
        "d": [
          2,
          2,
          4,
          3,
          4
        ]
      },
      "acc": 0.6389345733428711,
      "latency_ms": 12.702279195498436,
      "acc_eff": 0.6389345733428711,
      "method": "bo",
      "seed": 2
    },
    {
      "arch": {
        "ks": [
          3,
          5,
          7,
          3,
          5,
          5,
          5,
          7,
          7,
          7,
          5,
          3,
          5,
          5,
          7,
          3,
          7,
          7,
          3,
          7
        ],
        "e": [
          6,
          3,
          6,
          4,
          4,
          4,
          3,
          4,
          4,
          3,
          6,
          3,
          4,
          6,
          6,
          3,
          6,
          6,
          3,
          6
        ],
        "d": [
          2,
          2,
          4,
          4,
          2
        ]
      },
      "acc": 0.6376049231568249,
      "latency_ms": 12.64508704034678,
      "acc_eff": 0.6376049231568249,
      "method": "tpe",
      "seed": 4
    },
    {
      "arch": {
        "ks": [
          3,
          3,
          5,
          3,
          3,
          3,
          3,
          3,
          3,
          3,
          3,
          3,
          3,
          3,
          3,
          3,
          3,
          3,
          3,
          3
        ],
        "e": [
          3,
          3,
          3,
          6,
          3,
          3,
          3,
          3,
          3,
          3,
          3,
          3,
          3,
          3,
          3,
          3,
          3,
          3,
          3,
          3
        ],
        "d": [
          2,
          4,
          3,
          4,
          4
        ]
      },
      "acc": 0.6336068807706388,
      "latency_ms": 10.153483621938173,
      "acc_eff": 0.6336068807706388,
      "method": "bo",
      "seed": 0
    },
    {
      "arch": {
        "ks": [
          3,
          3,
          3,
          5,
          7,
          3,
          3,
          5,
          3,
          7,
          3,
          3,
          3,
          3,
          3,
          7,
          7,
          3,
          7,
          3
        ],
        "e": [
          4,
          6,
          6,
          3,
          3,
          4,
          3,
          3,
          3,
          3,
          6,
          6,
          3,
          6,
          3,
          4,
          3,
          3,
          3,
          3
        ],
        "d": [
          2,
          3,
          4,
          2,
          4
        ]
      },
      "acc": 0.6322913420615407,
      "latency_ms": 11.192669866693162,
      "acc_eff": 0.6322913420615407,
      "method": "tpe",
      "seed": 2
    },
    {
      "arch": {
        "ks": [
          5,
          7,
          3,
          3,
          7,
          7,
          3,
          7,
          5,
          5,
          7,
          3,
          5,
          7,
          3,
          5,
          7,
          7,
          5,
          5
        ],
        "e": [
          4,
          4,
          6,
          4,
          3,
          4,
          3,
          6,
          3,
          3,
          3,
          3,
          6,
          3,
          3,
          6,
          4,
          4,
          4,
          6
        ],
        "d": [
          2,
          2,
          4,
          3,
          4
        ]
      },
      "acc": 0.6313190588999984,
      "latency_ms": 11.976900926282193,
      "acc_eff": 0.6313190588999984,
      "method": "bo",
      "seed": 1
    },
    {
      "arch": {
        "ks": [
          3,
          3,
          5,
          7,
          3,
          3,
          3,
          3,
          5,
          3,
          3,
          7,
          7,
          3,
          3,
          5,
          5,
          7,
          3,
          5
        ],
        "e": [
          3,
          3,
          3,
          3,
          6,
          4,
          3,
          3,
          6,
          3,
          3,
          6,
          4,
          4,
          6,
          3,
          6,
          6,
          3,
          4
        ],
        "d": [
          2,
          3,
          4,
          4,
          4
        ]
      },
      "acc": 0.6275908790550943,
      "latency_ms": 12.638766783473733,
      "acc_eff": 0.6275908790550943,
      "method": "bo",
      "seed": 4
    },
    {
      "arch": {
        "ks": [
          5,
          5,
          3,
          5,
          5,
          5,
          5,
          3,
          5,
          5,
          5,
          3,
          3,
          5,
          5,
          7,
          3,
          5,
          5,
          3
        ],
        "e": [
          4,
          4,
          4,
          6,
          6,
          4,
          4,
          6,
          3,
          3,
          6,
          4,
          4,
          4,
          4,
          3,
          4,
          4,
          4,
          3
        ],
        "d": [
          2,
          2,
          4,
          3,
          2
        ]
      },
      "acc": 0.6274780194036861,
      "latency_ms": 11.097288026014255,
      "acc_eff": 0.6274780194036861,
      "method": "tpe",
      "seed": 3
    },
    {
      "arch": {
        "ks": [
          3,
          5,
          5,
          7,
          5,
          3,
          3,
          5,
          7,
          5,
          5,
          7,
          5,
          3,
          3,
          3,
          7,
          7,
          3,
          5
        ],
        "e": [
          3,
          3,
          4,
          3,
          3,
          4,
          4,
          4,
          3,
          4,
          6,
          6,
          3,
          3,
          3,
          6,
          4,
          6,
          6,
          6
        ],
        "d": [
          2,
          2,
          3,
          4,
          4
        ]
      },
      "acc": 0.6239247257842648,
      "latency_ms": 11.14526048982244,
      "acc_eff": 0.6239247257842648,
      "method": "bo",
      "seed": 1
    },
    {
      "arch": {
        "ks": [
          3,
          7,
          3,
          7,
          3,
          7,
          3,
          3,
          3,
          3,
          5,
          3,
          5,
          5,
          7,
          7,
          3,
          7,
          3,
          3
        ],