{
  "arch": {
    "ks": [
      3,
      5,
      5,
      7,
      3,
      5,
      3,
      7,
      5,
      3,
      7,
      5,
      5,
      3,
      3,
      3,
      7,
      7,
      7,
      7
    ],
    "e": [
      6,
      3,
      4,
      3,
      6,
      6,
      3,
      3,
      3,
      3,
      3,
      4,
      6,
      4,
      3,
      3,
      3,
      3,
      4,
      6
    ],
    "d": [
      2,
      2,
      4,
      4,
      3
    ]
  },
  "vector": [
    0,
    1,
    1,
    2,
    0,
    1,
    0,
    2,
    1,
    0,
    2,
    1,
    1,
    0,
    0,
    0,
    2,
    2,
    2,
    2,
    2,
    0,
    1,
    0,
    2,
    2,
    0,
    0,
    0,
    0,
    0,
    1,
    2,
    1,
    0,
    0,
    0,
    0,
    1,
    2,
    0,
    0,
    2,
    2,
    1
  ],
  "selection_rule": "max acc_eff under the hard latency ceiling (lambda-free); two-anchor lambda + sensitivity sweep = robustness check only",
  "latency_ms": 11.74443928824396,
  "acc": 0.6499667575961847,
  "acc_eff": 0.6499667575961847,
  "t_max_ms": 12.75,
  "method": "bo",
  "seed": 0,
  "lambda": 0.0005021145545904147,
  "J": 0.6440697036940539,
  "anchors": {
    "a": {
      "acc": 0.8774072282613204,
      "latency_ms": 12.754786586761474
    },
    "b": {
      "acc": 0.8818943263680576,
      "latency_ms": 21.69118977546692
    }
  },
  "robustness_check": {
    "reference": "ceiling_first",
    "stable": true,
    "agree_fraction": 1.0,
    "flips_at_lambda": []
  },
  "frontier_sources": [
    "data/cp33_kaggle_out/cp33_bo.json",
    "data/cp33_kaggle_out/cp34_tpe.json"
  ],
  "lambda_sensitivity": [
    {
      "lambda": 0.0002510572772952076,
      "arch": {
        "ks": [
          3,
          5,
          5,
          7,
          3,
          5,
          3,
          7,
          5,
          3,
          7,
          5,
          5,
          3,
          3,
          3,
          7,
          7,
          7,
          7
        ],
        "e": [
          6,
          3,
          4,
          3,
          6,
          6,
          3,
          3,
          3,
          3,
          3,
          4,
          6,
          4,
          3,
          3,
          3,
          3,
          4,
          6
        ],
        "d": [
          2,
          2,
          4,
          4,
          3
        ]
      },
      "acc": 0.6499667575961847,
      "latency_ms": 11.74443928824396,
      "J": 0.6470182306451193
    },
    {
      "lambda": 0.0003163123483935264,
      "arch": {
        "ks": [
          3,
          5,
          5,
          7,
          3,
          5,
          3,
          7,
          5,
          3,
          7,
          5,
          5,
          3,
          3,
          3,
          7,
          7,
          7,
          7
        ],
        "e": [
          6,
          3,
          4,
          3,
          6,
          6,
          3,
          3,
          3,
          3,
          3,
          4,
          6,
          4,
          3,
          3,
          3,
          3,
          4,
          6
        ],
        "d": [
          2,
          2,
          4,
          4,
          3
        ]
      },
      "acc": 0.6499667575961847,
      "latency_ms": 11.74443928824396,
      "J": 0.6462518464243551
    },
    {
      "lambda": 0.0003985285860826842,
      "arch": {
        "ks": [
          3,
          5,
          5,
          7,
          3,
          5,
          3,
          7,
          5,
          3,
          7,
          5,
          5,
          3,
          3,
          3,
          7,
          7,
          7,
          7
        ],
        "e": [
          6,
          3,
          4,
          3,
          6,
          6,
          3,
          3,
          3,
          3,
          3,
          4,
          6,
          4,
          3,
          3,
          3,
          3,
          4,
          6
        ],
        "d": [
          2,
          2,
          4,
          4,
          3
        ]
      },
      "acc": 0.6499667575961847,
      "latency_ms": 11.74443928824396,
      "J": 0.6452862628123069
    },
    {
      "lambda": 0.0005021145545904152,
      "arch": {
        "ks": [
          3,
          5,
          5,
          7,
          3,
          5,
          3,
          7,
          5,
          3,
          7,
          5,
          5,
          3,
          3,
          3,
          7,
          7,
          7,
          7
        ],
        "e": [
          6,
          3,
          4,
          3,
          6,
          6,
          3,
          3,
          3,
          3,
          3,
          4,
          6,
          4,
          3,
          3,
          3,
          3,
          4,
          6
        ],
        "d": [
          2,
          2,
          4,
          4,
          3
        ]
      },
      "acc": 0.6499667575961847,
      "latency_ms": 11.74443928824396,
      "J": 0.6440697036940539
    },
    {
      "lambda": 0.0006326246967870522,
      "arch": {
        "ks": [
          3,
          5,
          5,
          7,
          3,
          5,
          3,
          7,
          5,
          3,
          7,
          5,
          5,
          3,
          3,
          3,
          7,
          7,
          7,
          7
        ],
        "e": [
          6,
          3,
          4,
          3,
          6,
          6,
          3,
          3,
          3,
          3,
          3,
          4,
          6,
          4,
          3,
          3,
          3,
          3,
          4,
          6
        ],
        "d": [
          2,
          2,
          4,
          4,
          3
        ]
      },
      "acc": 0.6499667575961847,
      "latency_ms": 11.74443928824396,
      "J": 0.6425369352525254
    },
    {
      "lambda": 0.0007970571721653685,
      "arch": {
        "ks": [
          3,
          5,
          5,
          7,
          3,
          5,
          3,
          7,
          5,
          3,
          7,
          5,
          5,
          3,
          3,
          3,
          7,
          7,
          7,
          7
        ],
        "e": [
          6,
          3,
          4,
          3,
          6,
          6,
          3,
          3,
          3,
          3,
          3,
          4,
          6,
          4,
          3,
          3,
          3,
          3,
          4,
          6
        ],
        "d": [
          2,
          2,
          4,
          4,
          3
        ]
      },
      "acc": 0.6499667575961847,
      "latency_ms": 11.74443928824396,
      "J": 0.6406057680284292
    },
    {
      "lambda": 0.0010042291091808295,
      "arch": {
        "ks": [
          3,
          5,
          5,
          7,
          3,
          5,
          3,
          7,
          5,
          3,
          7,
          5,
          5,
          3,
          3,
          3,
          7,
          7,
          7,
          7
        ],
        "e": [
          6,
          3,
          4,
          3,
          6,
          6,
          3,
          3,
          3,
          3,
          3,
          4,
          6,
          4,
          3,
          3,
          3,
          3,
          4,
          6
        ],
        "d": [
          2,
          2,
          4,
          4,
          3
        ]
      },
      "acc": 0.6499667575961847,
      "latency_ms": 11.74443928824396,
      "J": 0.6381726497919231
    }
  ],
  "note": "acc is the 5-epoch warm-head PROXY mAP (CP 2.4 ranking signal), NOT a full-train deployable number; the CP 3.5 DoD reproduces it in a clean session and Phase 8 distills the deployable weights.",
  "timestamp": "2026-07-04T08:00:30Z"
}
